exercise,main,sub
Ab wheel,Core,
aerobics,Cardio,
Arnold Press (Dumbbell),Shoulder,Triceps
Around the world,Shoulder,Core
Back Extension,Lower Back,Hamstring
Back Extension (Machine),Lower Back,Hamstring
Ball Slams,Core,Shoulder
Battle Ropes,Cardio,
Bench Dip,Triceps,Chest
Bench Press (Barbell),Chest,Triceps
Bench Press (Cable),Chest,Triceps
Bench Press (Dumbbell),Chest,Triceps
Bench Press (Smith Machine),Chest,Triceps
Bench Press - Close Grip (Barbell),Triceps,Chest
Bench Press - Wide Grip (Barbell),Chest,Triceps
Bent Over Lateral Raise,Shoulder,
Bent Over One Arm Row (Dumbbell),Lat,Traps
Bent Over Row (Band),Lat,Traps
Bent Over Row (Barbell),Lat,Traps
Bent Over Row (Dumbbell),Lat,Traps
Bent Over Row - Underhand (Barbell),Lat,Traps
Bicep Curl (Barbell),Biceps,
Bicep Curl (Cable),Biceps,
Bicep Curl (Dumbbell),Biceps,
Bicep Curl (Machine),Biceps,
Bicep Curl (Plate),Biceps,
Bicycle Crunch,Core,
Birddogg,Core,Lower Back
Box Jump,Cardio,
Box Squat (Barbell),Quads,Hamstring
Bridge,Glute,Hamstring
Bulgarian Split Squat,Quads,Glute
Burpee,Cardio,
Cable Crossover,Chest,Shoulder
Cable Crunch,Core,
Cable Kickback,Glute,Hamstring
Cable Pull Through,Glute,Hamstring
Cable Rope Extension,Triceps,
Cable Twist,Core,
Calf Press on Leg Press,Calf,
Calf Press on Seated Leg Press,Calf,
Chest Dip,Chest,Triceps
Chest Dip (Assisted),Chest,Triceps
Chest Fly,Chest,
Chest Fly (Band),Chest,
Chest Fly (Dumbbell),Chest,
Chest Press (Band),Chest,Triceps
Chest Press (Machine),Chest,Triceps
Chin Up,Lat,Biceps
Chin Up (Assisted),Lat,Biceps
Chin Up (Band),Lat,Biceps
Clean (Barbell),Allbody,
Clean and Jerk (Barbell),Allbody,
Concentration Curl (Dumbbell),Biceps,
Cross Body Crunch,Core,
Corss-Body Cable Y-Raise,Shoulder,
Cross-Body Triceps Extension,Triceps,
Crunch,Core,
Crunch (Machine),Core,
Crunch (Smith Machine),Core,
Crunch (Stability Ball),Core,
Cycling,Cardio,
Cycling (Indoor),Cardio,
Deadlift (Band),Hamstring,Lower Back
Deadlift (Barbell),Hamstring,Lower Back
Deadlift (Dumbbell),Hamstring,Lower Back
Deadlift (Smith Machine),Hamstring,Lower Back
Deadlift High Pull (Barbell),Allbody
Decline Bench Press (Barbell),Chest,Triceps
Decline Bench Press (Dumbbell),Chest,Triceps
Decline Bench Press (Smith Machine),Chest,Triceps
Decline Crunch,Core,
Deficit Deadlift (Barbell),Hamstring,Lower Back
Deficit Deadlift (Dumbbell),Hamstring,Lower Back
Elliptical Machine,Cardio,
Face Pull (Cable),Shoulder,Traps
Flat Knee Raise,Core,
Flat Leg Raise,Core,
Floor Press (Barbell),Chest,Triceps
Front Raise (Band),Shoulder,
Front Raise (Barbell),Shoulder,
Front Raise (Cable),Shoulder,
Front Raise (Dumbbell),Shoulder,
Front Raise (Plate),Shoulder,
Front Squat (Barbell),Quads,Glute
Glute Ham Raise,Hamstring,Glute
Glute Kickback (Machine),Glute,
Goblet Squat (Kettlebell),Quads,Glute
Goblet Squat (Dumbbell),Quads,Glute
Good Morning (Barbell),Hamstring,Lower Back
Hack Squat,Quads,Glute
Hack Squat (Barbell),Quads,Glute
Hammer Curl (Band),Biceps,Forearm
Hammer Curl (Cable),Biceps,Forearm
Hammer Curl (Dumbbell),Biceps,Forearm
Handstand Push Up,Shoulder,Triceps
Hang Clean (Barbell),Allbody,
Hang Snatch (Barbell),Allbody,
Hanging,Forarm,
Hanging Knee Raise,Core,
Hanging Leg Raise,Core,
High Knee Skips,Cardio,
High Row,Lat,Traps
High Row (Single Arm),Lat,Traps
Hiking,Cardio,
Hip Abductor (Machine),Glute,
Hip Adductor (Machine),Adductor,
Hip Thrust (Barbell),Glute,Hamstring
Hip Thrust (Bodyweight),Glute,Hamstring
Incline Bench Press (Barbell),Chest,Shoulder
Incline Bench Press (Cable),Chest,Shoulder
Incline Bench Press (Dumbbell),Chest,Shoulder
Incline Bench Press (Smith Machine),Chest,Shoulder
Incline Bench Press - Close Grip (Barbell),Triceps,Chest
Incline Chest Fly (Dumbbell),Chest,
Incline Chest Press (Machine),Chest,Shoulder
Incline Curl (Dumbbell),Biceps,
Incline Single Lateral Raise,Shoulder,
Inverted Row (Bodyweight),Lat,Traps
Iso-Lateral Chest Press (Machine),Chest,Triceps
Iso-Lateral Row (Machine),Lat,Traps
Jackknife Sit Up,Core,
Jump Rope,Cardio,
Jump Shrug (Barbell),Traps,Shoulder
Jump Squat,Quads,Glute
Jumping Jack,Cardio,
Kettlebell Swing,Glute,Quads
Kettlebell Turkish Get Up,Allbody,
Kipping Pull Up,Lat,Biceps
Knee Raise (Captain's Chair),Core,
Kneeing Lat Pulldown (Cable),Lat,
Kneeling Pulldown (Band),Lat,
Knees to Elbows,Core,
Kroc Row,Lat,Traps
Larsen Press,Chest,Triceps
Lat Pulldown (Cable),Lat,Traps
Lat Pulldown (Machine),Lat,Traps
Lat Pulldown (Single Arm),Lat,Traps
Lat Pulldown - Underhand (Band),Lat,Traps
Lat Pulldown - Underhand (Cable),Lat,Traps
Lat Pulldown - Wide Grip (Cable),Lat,Traps
Lateral Box Jump,Cardio
Lateral Raise (Band),Shoulder,
Lateral Raise (Cable),Shoulder,
Lateral Raise (Dumbbell),Shoulder,
Lateral Raise (Machine),Shoulder,
Lateral Raise In 3 Digrees,Shoulder,
Leg Extension (Machine),Quads,
Leg Extension (Single Leg),Quads,
Leg Press,Quads,Glute
Lunge (Barbell),Glute,Quads
Lunge (Bodyweight),Glute,Quads
Lunge (Dumbbell),Glute,Quads
Lunge (Smith Machine),Glute,Quads
Lying Leg Curl (Machine),Hamstring,
Lying One Leg Curl,Hamstring,
M Torture Low Row,Traps,Lat
M Torture Low Row (One Arm),Traps,Lat
Military Press,Shoulder,
Mountain Climber,Cardio,
Muscle Up,Lat,Chest
Nordic Hamstring Curl,Hamstring,
Oblique Crunch,Core,
One Arm Cable Curl,Biceps,
One Arm Seated Row (Machine),Lat,Traps
One Leg Deadlift (Kettlebell),Hamstring,Glute
Overhead Press (Barbell),Shoulder,Triceps
Overhead Press (Cable),Shoulder,Triceps
Overhead Press (Dumbbell),Shoulder,Triceps
Overhead Press (Smith Machine),Shoulder,Triceps
Overhead Squat (Barbell),Allbody,
Paused Bench Press (Barbell),Chest,Triceps
Paused Deadlift (Barbell),Hamstring,Lower Back
Paused Row (Barbell),Lat,Traps
Paused Squat (Barbell),Quads,Quads
Pec Deck (Machine),Chest,
Pendlay Row (Barbell),Lat,Traps
Pistol Squat,Quads,Glute
Plank,Core,
Power Clean,Allbody,
Power Snatch (Barbell),Allbody,
Preacher Curl (Barbell),Biceps,
Preacher Curl (Dumbbell),Biceps,
Preacher Curl (Machine),Biceps,
Press Under (Barbell),Shoulder,Triceps
Press Around (Cable),Chest,
Pull Up,Lat,Traps
Pull Up (Assisted),Lat,Traps
Pull Up (Negative),Lat,Traps
Pull Up Routine,Lat,Traps
Pullover (Dumbbell),Lat,
Pullover (Machine),Lat,
Push Press,Shoulder,Triceps
Push Up,Chest,Triceps
Push Up (Band),Chest,Triceps
Push Up (Knees),Chest,Triceps
Rack Pull (Barbell),Hamstring,Glute
Reverse Crunch,Core,
Reverse Curl (Band),Biceps,Forearm
Reverse Curl (Dumbbell),Biceps,Forearm
Reverse Fly (Cable),Shoulder,Traps
Reverse Fly (Dumbbell),Shoulder,Traps
Reverse Fly (Machine),Shoulder,Traps
Reverse Grip Concentration Curl (Dumbbell),Forearm,Biceps
Reverse Plank,Core,
Romanian Deadlift (Barbell),Hamstring,Lower Back
Romanian Deadlift (Dumbbell),Hamstring,Lower Back
Rowing (Machine),Cardio,
Running,Cardio,
Running (Threadmill),Cardio,
Russian Twist,Core,
Seated Calf Raise (Machine),Calf,
Seated Calf Raise (Plate Loaded),Calf,
Seated Leg Curl (Machine),Hamstring,
Seated Leg Press (Machine),Quads,Glute
Seated One Arm Row (Cable),Lat,
Seated Overhead Press (Barbell),Shoulder,Triceps
Seated Overhead Press (Dumbbell),Shoulder,Triceps
Seated Overhead Press (Smith Machine),Shoulder,Triceps
Seated Palms Up Wrist Curl (Dumbbell),Forearm,
Seated Row (Cable),Lat,Traps
Seated Row (Machine),Lat,Traps
Seated Wide-Grip Row (Cable),Traps,Lat
Shoulder Press (Machine),Shoulder,
Shoulder Press (Plate Loaded),Shoulder,
Shrug (Barbell),Traps,
Shrug (Cable),Traps,
Shrug (Dumbbell),Traps,
Shrug (Machine),Traps,
Shrug (Smith Machine),Traps,
Side Band (Band),Core,
Side Band (Cable),Core,
Side Bend (Dumbbell),Core,
Side Plank,Core,
Single Leg Bridge,Glute,Hamstring
Single Reverse Fly (Cable),Shoulder,
Sit Up,Core,
Skullcrusher (Barbell),Triceps,
Skullcrusher (Dumbbell),Triceps,
Snatch (Barbell),Allbody,
Snatch Pull (Barbell),Allbody,
Split Jerk (Barbell),Allbody,
Squat (Band),Quads,Glute
Squat (Barbell),Quads,Glute
Squat (Bodyweight),Quads,Glute
Squat (Dumbbell),Quads,Glute
Squat (Machine),Quads,Glute
Squat (Smith Machine),Quads,Glute
Squat Row (Band),Quads,Lat
Standing Calf Raise (Barbell),Calf,
Standing Calf Raise (Bodyweight),Calf,
Standing Calf Raise (Dumbbell),Calf,
Standing Calf Raise (Machine),Calf,
Standing Calf Raise (Smith Machine),Calf,
Step-up,Glute,Quads
Stiff Leg Deadlift (Barbell),Hamstring,Lower Back
Stiff Leg Deadlift (Dumbbell),Hamstring,Lower Back
Straight Arm Pulldown,Lat,
Straight Leg Deadlift (Bend),Hamstring,Lower Back
Strict Military Press (Barbell),Shoulder,
Sumo Deadlift (Barbell),Glute,Adductor
Sumo Deadlift High Pull (Barbell),Allbody,
Superman,Lower Back,
Swimming,Cardio,
T Bar Row,Lat,Traps
Thruster (Bar),Quads,Shoulder
Thruster (Kettlebell),Quads,Shoulder
Toe touch,Core,
Toes To Bar,Core,
Torso Rotation (Machine),Core,
Trap Bar Deadlift,Quads,Glute
Triceps Dip,Triceps,Chest
Triceps Dip (Assisted),Triceps,Chest
Triceps Extension,Triceps,
Triceps Extension (Barbell),Triceps,
Triceps Extension (Cable),Triceps,
Triceps Extension (Dumbbell),Triceps,
Triceps Extension (Machine),Triceps,
Triceps Pushdown (Cable - Straight Bar),Triceps,
Upright Row (Barbell),Traps,Shoulder
Upright Row (Cable),Traps,Shoulder
Upright Row (Dumbbell),Traps,Shoulder
V Up,Core,
Walking,Cardio,
Walking Lunge,Glute,Quads
Wide Pull Up,Lat,
Windmill (Kettlebell),Core,
Wrist Roller,Forearm,
Zercher Squat (Barbell),Quads,Glute
