WEEK,DAY,EXERCISE,W,SETS,REPS,RPE,REST,SUB 1,SUB 2,NOTE
WEEK6|Push #1|Bench Press|3-4|1|3-5|7|~3-4m|DB Bench Press|Machine Chest Press|편안한 아치를 만들고, 가슴에서 잠시 멈춘 뒤 매 횟수마다 폭발적으로 밀어 올리세요.
||Larsen Press|0|2|10|7|~3-4m|DB Bench (No Leg Drive)|Machine Chest (No Leg)|견갑골은 여전히 후인 및 하강된 상태를 유지하세요. 상부 등에는 약간의 아치를 만들고, 다리의 힘은 전혀 사용하지 않습니다.
||Standing DB Arnold Press|2|3|8-10|7|~2-3m|Seated DB Shoulder Press|Machine Shoulder Press|팔꿈치를 몸 앞에 두고 손바닥이 몸을 향하게 시작하세요. 덤벨을 위로 밀면서 손바닥이 정면을 향하도록 회전시킵니다.
||Press-Around|1|2|12-15|8|0m|DB Flye|Deficit Push Up|운동하지 않는 팔로 몸을 지탱하고, 케이블을 몸 안쪽으로 가로질러 누르며 가슴 근육을 강하게 쥐어짜세요.
||↳Pec Static Stretch|0|2|30s hold|-|0m|-|-|30초 동안 가슴 스트레칭 상태를 유지하세요. 스트레칭 강도는 10점 만점에 약 7점 정도의 강도로 유지해야 합니다.
||Cable Y Raise (Side)|1|3|12-15|8|~1-2m|DB Lateral Raise|Machine Lateral Raise|옆구리에서 마치 칼을 뽑는 것처럼 케이블을 바깥쪽과 위쪽으로 휘두른다고 생각하세요.
||Triceps Pressdown + OH Ext|1|3|8+8|8|~1-2m|Triceps Pressdown|DB Skull Crusher|프레스다운에서는 가동 범위의 후반부인 수축만 수행하고, 오버헤드 익스텐션에서는 가동 범위의 전반부인 스트레칭만 수행하세요.
||Cross-Body Triceps Ext|0|2|10-12|8|~1-2m|Single Arm Pressdown|Cable Kickback|일반적인 프레스다운보다 팔을 좀 더 옆으로 벌린 상태에서 삼두근을 신전시키세요. 케이블이 몸통을 가로질러 움직일 때 느껴지는 스트레칭에 집중하십시오.
|Pull #1|Lat Pulldown (Feeder)|0|4|10|-|~2-3m|Machine Pulldown|Pull-Up|세트마다 무게를 점진적으로 올리면서 10회씩 4회의 피더 세트를 수행하세요. 세트 1은 상당히 가볍게(RPE 4-5) 하고, 세트 2는 조금 더 무겁게(RPE 6-7), 세트 3은 다시 조금 더 무겁게(RPE 7-8) 진행합니다. 세트 4는 하드 세트입니다. 이 마지막 세트에서는 10회에서 실패 지점에 도달하도록 하세요.
||Lat Pulldown (Failure+Drop)|0|1|10+5|10|~2-3m|Machine Pulldown|Pull-Up|약 10회에서 실패 지점에 도달한 후, 드롭세트를 수행하세요. 무게를 약 30-50% 줄이고 정교하고 통제된 자세로 5회를 추가로 수행합니다.
||Chest Supported Row|2|3|10-12|7|~2-3m|Incline DB Row|Cable Seated Row|3회의 본 세트 동안 3가지의 서로 다른 그립을 사용하세요. (가급적 넓은 그립에서 좁은 그립 순서로 진행합니다)
||Bottom Half DB Pullover|1|2|10-12|8|0m|Cable Pullover|1-Arm Lat Pull-In|덤벨 랫 풀오버를 수행하되, 가동 범위의 상단 절반은 제외하세요. (리프팅의 스트레칭되는 구간에만 완전히 머무르세요)
||↳Lat Static Stretch|0|2|30s hold|-|0m|-|-|30초 동안 광배근 스트레칭 상태를 유지하세요. 스트레칭 강도는 10점 만점에 약 7점 정도로 유지해야 합니다.
||Face Pull|1|3|12-15|8|~1-2m|Reverse Cable Flye|Bent Over DB Flye|1세트: 아래에서 위로, 2세트: 중간 범위, 3세트: 위에서 아래로
||Hammer Curl(Cable)+Drop|1|3|6-8|8|~1-2m|DB Curl|Cable Curl|이두근을 수축하는 데 집중하고, 상체의 반동은 최소화하세요.
|Legs #1|Squat|3-4|1|1-3|7|~3-4m|Hack Squat|DB Bulgarian Split|엉덩이를 뒤로 빼면서 아래로 앉으세요. 상부 등은 바벨에 밀착시켜 단단하게 유지합니다.
||Pause Squat|0|2|5|7|~3-4m|Pause Hack Squat|Pause DB Bulgarian|첫 번째 본 세트(top set)에서 무게를 약 25% 줄이세요. 2초간 정지합니다. 엉덩이를 뒤로 빼면서 아래로 앉고, 상부 등은 바벨에 밀착시켜 단단하게 유지하세요.
||Barbell RDL|2|3|8-10|7|~2-3m|DB RDL|45° Hyperextension|요추의 중립을 유지하고, 엉덩이를 뒤로 보내세요. 척추가 굽어지지 않게 합니다.
||Walking Lunge|1|2|10|7|~2-3m|DB Step Up|Goblet Squat|중간 정도의 보폭을 취하고, 뒷다리로 밀어내는 힘을 최소화하세요.
||Seated Leg Curl|1|3|10-12|8|~1-2m|Lying Leg Curl|Nordic Curl|햄스트링을 쥐어짜며 무게를 움직이는 데 집중하세요.
||Leg Press Toe Press|1|4|10-12|8|~1-2m|Seated Calf Raise|Standing Calf Raise|발가락 끝까지 끝까지 밀어 올리세요. 하단에서는 종아리를 스트레칭하되, 반동을 주지 마세요.
||Decline Plate Crunch|1|3|10-12|8|~1-2m|Cable Crunch|Machine Crunch|원판이나 덤벨을 가슴에 대고 강하게 크런치를 하세요.
|Push #2|Close Grip Incline Press|2-3|3|8,5,15|7|~3-4m|Close Grip DB Incline|Machine Press|약 45도 경사를 사용하고, 어깨너비보다 약간 넓은 그립 너비를 취하세요.
||Machine Shoulder Press|2|3|10-12|7|~2-3m|Seated DB Press|Standing Arnold Press|반복 사이에 멈추지 마세요. 삼각근에 부드럽고 통제된 긴장을 유지합니다.
||Floor Skull Crusher|1|3|6-8|7|~1-2m|DB Floor Skull|Cable OH Ext|바벨을 머리 뒤쪽으로 호를 그리며 보내세요. 반복 사이에는 바벨이 바닥에 완전히 멈추게(dead stop) 둡니다.
||Dips (Assist)|1|3|10-12|8|~1-2m|Pec Deck|DB Flye|상단에서 가슴 근육을 서로 모아 쥐어짜고, 하단에서는 큰 스트레칭을 느끼세요.
||Cable Lateral Raise|1|3|5,15|8|~1-2m|DB Lateral Raise|Machine Lateral Raise|처음 5회: 5초 동안 내리는 동작(이완) 수행, 나머지 15회: 지속적인 긴장 유지 (하단이나 상단에서 멈추지 않음).
||Plate Front Raise(Handling)|1|2|15-20|8|~1-2m|DB Front Raise|Cable Front Raise|원판을 들어 올릴 때 자동차 핸들처럼 한쪽이 위로 가도록 돌리세요.
||Diamond Push Up|0|1|AMRAP|10|0m|Close Grip Push Up|Kneeling Push Up|바닥에 두 손을 모아 다이아몬드 모양을 만들고, 부드러운 템포로 가능한 한 많은 횟수의 푸쉬업을 수행하세요.
|Pull #2|1-Arm Half Kneeling Pulldown|1|3|12-15|7|~1-2m|1-Arm Lat Pull In|Cable Pullover|가슴을 높게 들고, 팔꿈치를 몸통에 가깝게 붙이세요. 광배근을 쥐어짜며 무게를 움직이는 데 집중합니다.
||Pull Up|2|1|AMRAP|10|~2-3m|Lat Pulldown|Machine Pulldown|어깨너비의 1.5배로 그립을 잡고, 가슴을 바 쪽으로 당기세요.
||Kroc Row|2|3|10-12|7|~2-3m|Single Arm DB Row|Meadows Row|크록 로우는 기본적으로 약간의 반동을 허용하고 상체를 조금 더 세운 상태에서 수행하는 덤벨 로우입니다. 무거운 무게를 사용하는 것을 두려워하지 말고, 악력이 부족하다면 스트랩을 사용하세요.
||Cable Shrug|1|3|10-12|8|~1-2m|DB Shrug|Plate Shrug|두 개의 케이블 손잡이를 낮게 설정하고 위와 안쪽 방향으로 슈러그를 하세요. 상부 승모근을 쥐어짜며 무게를 움직입니다.
||Reverse Pec Deck|1|3|10-12|8|~1-2m|Reverse Cable Flye|Bent Over DB Flye|무게를 뒤쪽이 아닌 바깥쪽으로 휘두르세요.
||Cable Bicep Curl|1|3|10-12|8|~1-2m|DB Incline Curl|DB Curl|팔을 약 60도 옆으로 벌린 상태에서 몸 안쪽을 가로질러 컬을 하세요.
|Legs #2|Deadlift|3-4|1|4|5-6|~3-5m|Trap Bar Deadlift|Barbell Hip Thrust|광배근을 단단히 고정하고 가슴을 높게 드세요. 들어 올리기 전에 바벨의 유격(slack)을 먼저 제거하십시오.
||Stiff Leg Deadlift|0|2|8|7|~3-4m|Barbell RDL|DB RDL|무릎을 약간만 굽힌 채로 엉덩이 위치를 높게 잡은 컨벤셔널 데드리프트를 한다고 생각하세요.
||Leg Press|2-3|4|10-12|7|~2-3m|Goblet Squat|Walking Lunge|발판 위에서 발을 중간 너비로 배치하고, 요추가 굽어지지 않게 합니다.
||Glute Ham Raise|1|3|8-10|8|~1-2m|Nordic Curl|Lying Leg Curl|골반을 일직선으로 유지하세요. GHR 기구가 없다면 노르딕 햄 스트링 컬을 수행합니다.
||Slow Eccentric Leg Extension|1|3|8-10|8|~1-2m|DB Step Up|Goblet Squat|3~4초 동안 내리는 동작(네거티브)을 하며 무게를 통제하세요.
||Seated Calf Raise|1|4|15-20|8|~1-2m|Standing Calf Raise|Leg Press Toe Press|발가락 끝까지 끝까지 밀어 올리세요. 하단에서는 종아리를 스트레칭하되, 반동을 주지 마세요.
||Roman Chair Leg Raise|1|3|10-20|8|~1-2m|Hanging Leg Raise|Reverse Crunch|하단에서 다리를 흔들지 말고 반동을 최소화하세요. 다리를 곧게 펴서 들어 올리는 것이 너무 어렵다면 무릎을 가슴 쪽으로 당기며 수행합니다.